account_id,account_name,plan_tier,industry,risk_level,risk_score,usage_events,avg_satisfaction,support_tickets,escalations,sla_breaches,primary_action,secondary_action,offer,key_risk_factor,success_metric,raw_response
A-dbc825,Company_252,ENTERPRISE,EdTech,MEDIUM,3,72,4.0,6,1,2,"API_ERROR: 429 You exceeded your current quota, please check your plan and billing details. For more information on this error, head to: https://ai.google.dev/gemini-api/docs/rate-limits. To monitor your current usage, head to: https://ai.dev/rate-limit. 
* Quota exceeded for metric: generativelanguage.googleapis.com/generate_content_free_tier_input_token_count, limit: 0, model: gemini-2.0-flash
* Quota exceeded for metric: generativelanguage.googleapis.com/generate_content_free_tier_requests, limit: 0, model: gemini-2.0-flash
* Quota exceeded for metric: generativelanguage.googleapis.com/generate_content_free_tier_requests, limit: 0, model: gemini-2.0-flash
Please retry in 40.861716511s. [links {
  description: ""Learn more about Gemini API quotas""
  url: ""https://ai.google.dev/gemini-api/docs/rate-limits""
}
, violations {
  quota_metric: ""generativelanguage.googleapis.com/generate_content_free_tier_input_token_count""
  quota_id: ""GenerateContentInputTokensPerModelPerMinute-FreeTier""
  quota_dimensions {
    key: ""model""
    value: ""gemini-2.0-flash""
  }
  quota_dimensions {
    key: ""location""
    value: ""global""
  }
}
violations {
  quota_metric: ""generativelanguage.googleapis.com/generate_content_free_tier_requests""
  quota_id: ""GenerateRequestsPerMinutePerProjectPerModel-FreeTier""
  quota_dimensions {
    key: ""model""
    value: ""gemini-2.0-flash""
  }
  quota_dimensions {
    key: ""location""
    value: ""global""
  }
}
violations {
  quota_metric: ""generativelanguage.googleapis.com/generate_content_free_tier_requests""
  quota_id: ""GenerateRequestsPerDayPerProjectPerModel-FreeTier""
  quota_dimensions {
    key: ""model""
    value: ""gemini-2.0-flash""
  }
  quota_dimensions {
    key: ""location""
    value: ""global""
  }
}
, retry_delay {
  seconds: 40
}
]",Not parsed,Not parsed,Not parsed,Not parsed,"API_ERROR: 429 You exceeded your current quota, please check your plan and billing details. For more information on this error, head to: https://ai.google.dev/gemini-api/docs/rate-limits. To monitor your current usage, head to: https://ai.dev/rate-limit. 
* Quota exceeded for metric: generativelanguage.googleapis.com/generate_content_free_tier_input_token_count, limit: 0, model: gemini-2.0-flash
* Quota exceeded for metric: generativelanguage.googleapis.com/generate_content_free_tier_requests, limit: 0, model: gemini-2.0-flash
* Quota exceeded for metric: generativelanguage.googleapis.com/generate_content_free_tier_requests, limit: 0, model: gemini-2.0-flash
Please retry in 40.861716511s. [links {
  description: ""Learn more about Gemini API quotas""
  url: ""https://ai.google.dev/gemini-api/docs/rate-limits""
}
, violations {
  quota_metric: ""generativelanguage.googleapis.com/generate_content_free_tier_input_token_count""
  quota_id: ""GenerateContentInputTokensPerModelPerMinute-FreeTier""
  quota_dimensions {
    key: ""model""
    value: ""gemini-2.0-flash""
  }
  quota_dimensions {
    key: ""location""
    value: ""global""
  }
}
violations {
  quota_metric: ""generativelanguage.googleapis.com/generate_content_free_tier_requests""
  quota_id: ""GenerateRequestsPerMinutePerProjectPerModel-FreeTier""
  quota_dimensions {
    key: ""model""
    value: ""gemini-2.0-flash""
  }
  quota_dimensions {
    key: ""location""
    value: ""global""
  }
}
violations {
  quota_metric: ""generativelanguage.googleapis.com/generate_content_free_tier_requests""
  quota_id: ""GenerateRequestsPerDayPerProjectPerModel-FreeTier""
  quota_dimensions {
    key: ""model""
    value: ""gemini-2.0-flash""
  }
  quota_dimensions {
    key: ""location""
    value: ""global""
  }
}
, retry_delay {
  seconds: 40
}
]"
A-a0ca4e,Company_6,PRO,Cybersecurity,MEDIUM,3,39,3.83,6,3,2,"API_ERROR: 429 You exceeded your current quota, please check your plan and billing details. For more information on this error, head to: https://ai.google.dev/gemini-api/docs/rate-limits. To monitor your current usage, head to: https://ai.dev/rate-limit. 
* Quota exceeded for metric: generativelanguage.googleapis.com/generate_content_free_tier_input_token_count, limit: 0, model: gemini-2.0-flash
* Quota exceeded for metric: generativelanguage.googleapis.com/generate_content_free_tier_requests, limit: 0, model: gemini-2.0-flash
* Quota exceeded for metric: generativelanguage.googleapis.com/generate_content_free_tier_requests, limit: 0, model: gemini-2.0-flash
Please retry in 39.082725564s. [links {
  description: ""Learn more about Gemini API quotas""
  url: ""https://ai.google.dev/gemini-api/docs/rate-limits""
}
, violations {
  quota_metric: ""generativelanguage.googleapis.com/generate_content_free_tier_input_token_count""
  quota_id: ""GenerateContentInputTokensPerModelPerMinute-FreeTier""
  quota_dimensions {
    key: ""model""
    value: ""gemini-2.0-flash""
  }
  quota_dimensions {
    key: ""location""
    value: ""global""
  }
}
violations {
  quota_metric: ""generativelanguage.googleapis.com/generate_content_free_tier_requests""
  quota_id: ""GenerateRequestsPerMinutePerProjectPerModel-FreeTier""
  quota_dimensions {
    key: ""model""
    value: ""gemini-2.0-flash""
  }
  quota_dimensions {
    key: ""location""
    value: ""global""
  }
}
violations {
  quota_metric: ""generativelanguage.googleapis.com/generate_content_free_tier_requests""
  quota_id: ""GenerateRequestsPerDayPerProjectPerModel-FreeTier""
  quota_dimensions {
    key: ""model""
    value: ""gemini-2.0-flash""
  }
  quota_dimensions {
    key: ""location""
    value: ""global""
  }
}
, retry_delay {
  seconds: 39
}
]",Not parsed,Not parsed,Not parsed,Not parsed,"API_ERROR: 429 You exceeded your current quota, please check your plan and billing details. For more information on this error, head to: https://ai.google.dev/gemini-api/docs/rate-limits. To monitor your current usage, head to: https://ai.dev/rate-limit. 
* Quota exceeded for metric: generativelanguage.googleapis.com/generate_content_free_tier_input_token_count, limit: 0, model: gemini-2.0-flash
* Quota exceeded for metric: generativelanguage.googleapis.com/generate_content_free_tier_requests, limit: 0, model: gemini-2.0-flash
* Quota exceeded for metric: generativelanguage.googleapis.com/generate_content_free_tier_requests, limit: 0, model: gemini-2.0-flash
Please retry in 39.082725564s. [links {
  description: ""Learn more about Gemini API quotas""
  url: ""https://ai.google.dev/gemini-api/docs/rate-limits""
}
, violations {
  quota_metric: ""generativelanguage.googleapis.com/generate_content_free_tier_input_token_count""
  quota_id: ""GenerateContentInputTokensPerModelPerMinute-FreeTier""
  quota_dimensions {
    key: ""model""
    value: ""gemini-2.0-flash""
  }
  quota_dimensions {
    key: ""location""
    value: ""global""
  }
}
violations {
  quota_metric: ""generativelanguage.googleapis.com/generate_content_free_tier_requests""
  quota_id: ""GenerateRequestsPerMinutePerProjectPerModel-FreeTier""
  quota_dimensions {
    key: ""model""
    value: ""gemini-2.0-flash""
  }
  quota_dimensions {
    key: ""location""
    value: ""global""
  }
}
violations {
  quota_metric: ""generativelanguage.googleapis.com/generate_content_free_tier_requests""
  quota_id: ""GenerateRequestsPerDayPerProjectPerModel-FreeTier""
  quota_dimensions {
    key: ""model""
    value: ""gemini-2.0-flash""
  }
  quota_dimensions {
    key: ""location""
    value: ""global""
  }
}
, retry_delay {
  seconds: 39
}
]"
A-a45270,Company_37,ENTERPRISE,HealthTech,MEDIUM,3,71,4.0,4,0,2,"API_ERROR: 429 You exceeded your current quota, please check your plan and billing details. For more information on this error, head to: https://ai.google.dev/gemini-api/docs/rate-limits. To monitor your current usage, head to: https://ai.dev/rate-limit. 
* Quota exceeded for metric: generativelanguage.googleapis.com/generate_content_free_tier_input_token_count, limit: 0, model: gemini-2.0-flash
* Quota exceeded for metric: generativelanguage.googleapis.com/generate_content_free_tier_requests, limit: 0, model: gemini-2.0-flash
* Quota exceeded for metric: generativelanguage.googleapis.com/generate_content_free_tier_requests, limit: 0, model: gemini-2.0-flash
Please retry in 37.298330736s. [links {
  description: ""Learn more about Gemini API quotas""
  url: ""https://ai.google.dev/gemini-api/docs/rate-limits""
}
, violations {
  quota_metric: ""generativelanguage.googleapis.com/generate_content_free_tier_input_token_count""
  quota_id: ""GenerateContentInputTokensPerModelPerMinute-FreeTier""
  quota_dimensions {
    key: ""model""
    value: ""gemini-2.0-flash""
  }
  quota_dimensions {
    key: ""location""
    value: ""global""
  }
}
violations {
  quota_metric: ""generativelanguage.googleapis.com/generate_content_free_tier_requests""
  quota_id: ""GenerateRequestsPerMinutePerProjectPerModel-FreeTier""
  quota_dimensions {
    key: ""model""
    value: ""gemini-2.0-flash""
  }
  quota_dimensions {
    key: ""location""
    value: ""global""
  }
}
violations {
  quota_metric: ""generativelanguage.googleapis.com/generate_content_free_tier_requests""
  quota_id: ""GenerateRequestsPerDayPerProjectPerModel-FreeTier""
  quota_dimensions {
    key: ""model""
    value: ""gemini-2.0-flash""
  }
  quota_dimensions {
    key: ""location""
    value: ""global""
  }
}
, retry_delay {
  seconds: 37
}
]",Not parsed,Not parsed,Not parsed,Not parsed,"API_ERROR: 429 You exceeded your current quota, please check your plan and billing details. For more information on this error, head to: https://ai.google.dev/gemini-api/docs/rate-limits. To monitor your current usage, head to: https://ai.dev/rate-limit. 
* Quota exceeded for metric: generativelanguage.googleapis.com/generate_content_free_tier_input_token_count, limit: 0, model: gemini-2.0-flash
* Quota exceeded for metric: generativelanguage.googleapis.com/generate_content_free_tier_requests, limit: 0, model: gemini-2.0-flash
* Quota exceeded for metric: generativelanguage.googleapis.com/generate_content_free_tier_requests, limit: 0, model: gemini-2.0-flash
Please retry in 37.298330736s. [links {
  description: ""Learn more about Gemini API quotas""
  url: ""https://ai.google.dev/gemini-api/docs/rate-limits""
}
, violations {
  quota_metric: ""generativelanguage.googleapis.com/generate_content_free_tier_input_token_count""
  quota_id: ""GenerateContentInputTokensPerModelPerMinute-FreeTier""
  quota_dimensions {
    key: ""model""
    value: ""gemini-2.0-flash""
  }
  quota_dimensions {
    key: ""location""
    value: ""global""
  }
}
violations {
  quota_metric: ""generativelanguage.googleapis.com/generate_content_free_tier_requests""
  quota_id: ""GenerateRequestsPerMinutePerProjectPerModel-FreeTier""
  quota_dimensions {
    key: ""model""
    value: ""gemini-2.0-flash""
  }
  quota_dimensions {
    key: ""location""
    value: ""global""
  }
}
violations {
  quota_metric: ""generativelanguage.googleapis.com/generate_content_free_tier_requests""
  quota_id: ""GenerateRequestsPerDayPerProjectPerModel-FreeTier""
  quota_dimensions {
    key: ""model""
    value: ""gemini-2.0-flash""
  }
  quota_dimensions {
    key: ""location""
    value: ""global""
  }
}
, retry_delay {
  seconds: 37
}
]"
A-9f9299,Company_133,ENTERPRISE,FinTech,MEDIUM,2,85,4.2,5,0,0,"API_ERROR: 429 You exceeded your current quota, please check your plan and billing details. For more information on this error, head to: https://ai.google.dev/gemini-api/docs/rate-limits. To monitor your current usage, head to: https://ai.dev/rate-limit. 
* Quota exceeded for metric: generativelanguage.googleapis.com/generate_content_free_tier_input_token_count, limit: 0, model: gemini-2.0-flash
* Quota exceeded for metric: generativelanguage.googleapis.com/generate_content_free_tier_requests, limit: 0, model: gemini-2.0-flash
* Quota exceeded for metric: generativelanguage.googleapis.com/generate_content_free_tier_requests, limit: 0, model: gemini-2.0-flash
Please retry in 35.534931293s. [links {
  description: ""Learn more about Gemini API quotas""
  url: ""https://ai.google.dev/gemini-api/docs/rate-limits""
}
, violations {
  quota_metric: ""generativelanguage.googleapis.com/generate_content_free_tier_input_token_count""
  quota_id: ""GenerateContentInputTokensPerModelPerMinute-FreeTier""
  quota_dimensions {
    key: ""model""
    value: ""gemini-2.0-flash""
  }
  quota_dimensions {
    key: ""location""
    value: ""global""
  }
}
violations {
  quota_metric: ""generativelanguage.googleapis.com/generate_content_free_tier_requests""
  quota_id: ""GenerateRequestsPerMinutePerProjectPerModel-FreeTier""
  quota_dimensions {
    key: ""model""
    value: ""gemini-2.0-flash""
  }
  quota_dimensions {
    key: ""location""
    value: ""global""
  }
}
violations {
  quota_metric: ""generativelanguage.googleapis.com/generate_content_free_tier_requests""
  quota_id: ""GenerateRequestsPerDayPerProjectPerModel-FreeTier""
  quota_dimensions {
    key: ""model""
    value: ""gemini-2.0-flash""
  }
  quota_dimensions {
    key: ""location""
    value: ""global""
  }
}
, retry_delay {
  seconds: 35
}
]",Not parsed,Not parsed,Not parsed,Not parsed,"API_ERROR: 429 You exceeded your current quota, please check your plan and billing details. For more information on this error, head to: https://ai.google.dev/gemini-api/docs/rate-limits. To monitor your current usage, head to: https://ai.dev/rate-limit. 
* Quota exceeded for metric: generativelanguage.googleapis.com/generate_content_free_tier_input_token_count, limit: 0, model: gemini-2.0-flash
* Quota exceeded for metric: generativelanguage.googleapis.com/generate_content_free_tier_requests, limit: 0, model: gemini-2.0-flash
* Quota exceeded for metric: generativelanguage.googleapis.com/generate_content_free_tier_requests, limit: 0, model: gemini-2.0-flash
Please retry in 35.534931293s. [links {
  description: ""Learn more about Gemini API quotas""
  url: ""https://ai.google.dev/gemini-api/docs/rate-limits""
}
, violations {
  quota_metric: ""generativelanguage.googleapis.com/generate_content_free_tier_input_token_count""
  quota_id: ""GenerateContentInputTokensPerModelPerMinute-FreeTier""
  quota_dimensions {
    key: ""model""
    value: ""gemini-2.0-flash""
  }
  quota_dimensions {
    key: ""location""
    value: ""global""
  }
}
violations {
  quota_metric: ""generativelanguage.googleapis.com/generate_content_free_tier_requests""
  quota_id: ""GenerateRequestsPerMinutePerProjectPerModel-FreeTier""
  quota_dimensions {
    key: ""model""
    value: ""gemini-2.0-flash""
  }
  quota_dimensions {
    key: ""location""
    value: ""global""
  }
}
violations {
  quota_metric: ""generativelanguage.googleapis.com/generate_content_free_tier_requests""
  quota_id: ""GenerateRequestsPerDayPerProjectPerModel-FreeTier""
  quota_dimensions {
    key: ""model""
    value: ""gemini-2.0-flash""
  }
  quota_dimensions {
    key: ""location""
    value: ""global""
  }
}
, retry_delay {
  seconds: 35
}
]"
A-ffc04f,Company_307,PRO,EdTech,MEDIUM,2,86,4.29,7,1,1,"API_ERROR: 429 You exceeded your current quota, please check your plan and billing details. For more information on this error, head to: https://ai.google.dev/gemini-api/docs/rate-limits. To monitor your current usage, head to: https://ai.dev/rate-limit. 
* Quota exceeded for metric: generativelanguage.googleapis.com/generate_content_free_tier_requests, limit: 0, model: gemini-2.0-flash
* Quota exceeded for metric: generativelanguage.googleapis.com/generate_content_free_tier_requests, limit: 0, model: gemini-2.0-flash
* Quota exceeded for metric: generativelanguage.googleapis.com/generate_content_free_tier_input_token_count, limit: 0, model: gemini-2.0-flash
Please retry in 33.638937283s. [links {
  description: ""Learn more about Gemini API quotas""
  url: ""https://ai.google.dev/gemini-api/docs/rate-limits""
}
, violations {
  quota_metric: ""generativelanguage.googleapis.com/generate_content_free_tier_requests""
  quota_id: ""GenerateRequestsPerDayPerProjectPerModel-FreeTier""
  quota_dimensions {
    key: ""model""
    value: ""gemini-2.0-flash""
  }
  quota_dimensions {
    key: ""location""
    value: ""global""
  }
}
violations {
  quota_metric: ""generativelanguage.googleapis.com/generate_content_free_tier_requests""
  quota_id: ""GenerateRequestsPerMinutePerProjectPerModel-FreeTier""
  quota_dimensions {
    key: ""model""
    value: ""gemini-2.0-flash""
  }
  quota_dimensions {
    key: ""location""
    value: ""global""
  }
}
violations {
  quota_metric: ""generativelanguage.googleapis.com/generate_content_free_tier_input_token_count""
  quota_id: ""GenerateContentInputTokensPerModelPerMinute-FreeTier""
  quota_dimensions {
    key: ""model""
    value: ""gemini-2.0-flash""
  }
  quota_dimensions {
    key: ""location""
    value: ""global""
  }
}
, retry_delay {
  seconds: 33
}
]",Not parsed,Not parsed,Not parsed,Not parsed,"API_ERROR: 429 You exceeded your current quota, please check your plan and billing details. For more information on this error, head to: https://ai.google.dev/gemini-api/docs/rate-limits. To monitor your current usage, head to: https://ai.dev/rate-limit. 
* Quota exceeded for metric: generativelanguage.googleapis.com/generate_content_free_tier_requests, limit: 0, model: gemini-2.0-flash
* Quota exceeded for metric: generativelanguage.googleapis.com/generate_content_free_tier_requests, limit: 0, model: gemini-2.0-flash
* Quota exceeded for metric: generativelanguage.googleapis.com/generate_content_free_tier_input_token_count, limit: 0, model: gemini-2.0-flash
Please retry in 33.638937283s. [links {
  description: ""Learn more about Gemini API quotas""
  url: ""https://ai.google.dev/gemini-api/docs/rate-limits""
}
, violations {
  quota_metric: ""generativelanguage.googleapis.com/generate_content_free_tier_requests""
  quota_id: ""GenerateRequestsPerDayPerProjectPerModel-FreeTier""
  quota_dimensions {
    key: ""model""
    value: ""gemini-2.0-flash""
  }
  quota_dimensions {
    key: ""location""
    value: ""global""
  }
}
violations {
  quota_metric: ""generativelanguage.googleapis.com/generate_content_free_tier_requests""
  quota_id: ""GenerateRequestsPerMinutePerProjectPerModel-FreeTier""
  quota_dimensions {
    key: ""model""
    value: ""gemini-2.0-flash""
  }
  quota_dimensions {
    key: ""location""
    value: ""global""
  }
}
violations {
  quota_metric: ""generativelanguage.googleapis.com/generate_content_free_tier_input_token_count""
  quota_id: ""GenerateContentInputTokensPerModelPerMinute-FreeTier""
  quota_dimensions {
    key: ""model""
    value: ""gemini-2.0-flash""
  }
  quota_dimensions {
    key: ""location""
    value: ""global""
  }
}
, retry_delay {
  seconds: 33
}
]"
A-b9eed8,Company_189,BASIC,Cybersecurity,MEDIUM,2,61,3.8,5,1,0,"API_ERROR: 429 You exceeded your current quota, please check your plan and billing details. For more information on this error, head to: https://ai.google.dev/gemini-api/docs/rate-limits. To monitor your current usage, head to: https://ai.dev/rate-limit. 
* Quota exceeded for metric: generativelanguage.googleapis.com/generate_content_free_tier_input_token_count, limit: 0, model: gemini-2.0-flash
* Quota exceeded for metric: generativelanguage.googleapis.com/generate_content_free_tier_requests, limit: 0, model: gemini-2.0-flash
* Quota exceeded for metric: generativelanguage.googleapis.com/generate_content_free_tier_requests, limit: 0, model: gemini-2.0-flash
Please retry in 31.896214994s. [links {
  description: ""Learn more about Gemini API quotas""
  url: ""https://ai.google.dev/gemini-api/docs/rate-limits""
}
, violations {
  quota_metric: ""generativelanguage.googleapis.com/generate_content_free_tier_input_token_count""
  quota_id: ""GenerateContentInputTokensPerModelPerMinute-FreeTier""
  quota_dimensions {
    key: ""model""
    value: ""gemini-2.0-flash""
  }
  quota_dimensions {
    key: ""location""
    value: ""global""
  }
}
violations {
  quota_metric: ""generativelanguage.googleapis.com/generate_content_free_tier_requests""
  quota_id: ""GenerateRequestsPerMinutePerProjectPerModel-FreeTier""
  quota_dimensions {
    key: ""model""
    value: ""gemini-2.0-flash""
  }
  quota_dimensions {
    key: ""location""
    value: ""global""
  }
}
violations {
  quota_metric: ""generativelanguage.googleapis.com/generate_content_free_tier_requests""
  quota_id: ""GenerateRequestsPerDayPerProjectPerModel-FreeTier""
  quota_dimensions {
    key: ""model""
    value: ""gemini-2.0-flash""
  }
  quota_dimensions {
    key: ""location""
    value: ""global""
  }
}
, retry_delay {
  seconds: 31
}
]",Not parsed,Not parsed,Not parsed,Not parsed,"API_ERROR: 429 You exceeded your current quota, please check your plan and billing details. For more information on this error, head to: https://ai.google.dev/gemini-api/docs/rate-limits. To monitor your current usage, head to: https://ai.dev/rate-limit. 
* Quota exceeded for metric: generativelanguage.googleapis.com/generate_content_free_tier_input_token_count, limit: 0, model: gemini-2.0-flash
* Quota exceeded for metric: generativelanguage.googleapis.com/generate_content_free_tier_requests, limit: 0, model: gemini-2.0-flash
* Quota exceeded for metric: generativelanguage.googleapis.com/generate_content_free_tier_requests, limit: 0, model: gemini-2.0-flash
Please retry in 31.896214994s. [links {
  description: ""Learn more about Gemini API quotas""
  url: ""https://ai.google.dev/gemini-api/docs/rate-limits""
}
, violations {
  quota_metric: ""generativelanguage.googleapis.com/generate_content_free_tier_input_token_count""
  quota_id: ""GenerateContentInputTokensPerModelPerMinute-FreeTier""
  quota_dimensions {
    key: ""model""
    value: ""gemini-2.0-flash""
  }
  quota_dimensions {
    key: ""location""
    value: ""global""
  }
}
violations {
  quota_metric: ""generativelanguage.googleapis.com/generate_content_free_tier_requests""
  quota_id: ""GenerateRequestsPerMinutePerProjectPerModel-FreeTier""
  quota_dimensions {
    key: ""model""
    value: ""gemini-2.0-flash""
  }
  quota_dimensions {
    key: ""location""
    value: ""global""
  }
}
violations {
  quota_metric: ""generativelanguage.googleapis.com/generate_content_free_tier_requests""
  quota_id: ""GenerateRequestsPerDayPerProjectPerModel-FreeTier""
  quota_dimensions {
    key: ""model""
    value: ""gemini-2.0-flash""
  }
  quota_dimensions {
    key: ""location""
    value: ""global""
  }
}
, retry_delay {
  seconds: 31
}
]"
A-9174e0,Company_73,BASIC,Cybersecurity,MEDIUM,2,69,4.5,2,0,0,"API_ERROR: 429 You exceeded your current quota, please check your plan and billing details. For more information on this error, head to: https://ai.google.dev/gemini-api/docs/rate-limits. To monitor your current usage, head to: https://ai.dev/rate-limit. 
* Quota exceeded for metric: generativelanguage.googleapis.com/generate_content_free_tier_requests, limit: 0, model: gemini-2.0-flash
* Quota exceeded for metric: generativelanguage.googleapis.com/generate_content_free_tier_requests, limit: 0, model: gemini-2.0-flash
* Quota exceeded for metric: generativelanguage.googleapis.com/generate_content_free_tier_input_token_count, limit: 0, model: gemini-2.0-flash
Please retry in 30.150161387s. [links {
  description: ""Learn more about Gemini API quotas""
  url: ""https://ai.google.dev/gemini-api/docs/rate-limits""
}
, violations {
  quota_metric: ""generativelanguage.googleapis.com/generate_content_free_tier_requests""
  quota_id: ""GenerateRequestsPerDayPerProjectPerModel-FreeTier""
  quota_dimensions {
    key: ""model""
    value: ""gemini-2.0-flash""
  }
  quota_dimensions {
    key: ""location""
    value: ""global""
  }
}
violations {
  quota_metric: ""generativelanguage.googleapis.com/generate_content_free_tier_requests""
  quota_id: ""GenerateRequestsPerMinutePerProjectPerModel-FreeTier""
  quota_dimensions {
    key: ""model""
    value: ""gemini-2.0-flash""
  }
  quota_dimensions {
    key: ""location""
    value: ""global""
  }
}
violations {
  quota_metric: ""generativelanguage.googleapis.com/generate_content_free_tier_input_token_count""
  quota_id: ""GenerateContentInputTokensPerModelPerMinute-FreeTier""
  quota_dimensions {
    key: ""model""
    value: ""gemini-2.0-flash""
  }
  quota_dimensions {
    key: ""location""
    value: ""global""
  }
}
, retry_delay {
  seconds: 30
}
]",Not parsed,Not parsed,Not parsed,Not parsed,"API_ERROR: 429 You exceeded your current quota, please check your plan and billing details. For more information on this error, head to: https://ai.google.dev/gemini-api/docs/rate-limits. To monitor your current usage, head to: https://ai.dev/rate-limit. 
* Quota exceeded for metric: generativelanguage.googleapis.com/generate_content_free_tier_requests, limit: 0, model: gemini-2.0-flash
* Quota exceeded for metric: generativelanguage.googleapis.com/generate_content_free_tier_requests, limit: 0, model: gemini-2.0-flash
* Quota exceeded for metric: generativelanguage.googleapis.com/generate_content_free_tier_input_token_count, limit: 0, model: gemini-2.0-flash
Please retry in 30.150161387s. [links {
  description: ""Learn more about Gemini API quotas""
  url: ""https://ai.google.dev/gemini-api/docs/rate-limits""
}
, violations {
  quota_metric: ""generativelanguage.googleapis.com/generate_content_free_tier_requests""
  quota_id: ""GenerateRequestsPerDayPerProjectPerModel-FreeTier""
  quota_dimensions {
    key: ""model""
    value: ""gemini-2.0-flash""
  }
  quota_dimensions {
    key: ""location""
    value: ""global""
  }
}
violations {
  quota_metric: ""generativelanguage.googleapis.com/generate_content_free_tier_requests""
  quota_id: ""GenerateRequestsPerMinutePerProjectPerModel-FreeTier""
  quota_dimensions {
    key: ""model""
    value: ""gemini-2.0-flash""
  }
  quota_dimensions {
    key: ""location""
    value: ""global""
  }
}
violations {
  quota_metric: ""generativelanguage.googleapis.com/generate_content_free_tier_input_token_count""
  quota_id: ""GenerateContentInputTokensPerModelPerMinute-FreeTier""
  quota_dimensions {
    key: ""model""
    value: ""gemini-2.0-flash""
  }
  quota_dimensions {
    key: ""location""
    value: ""global""
  }
}
, retry_delay {
  seconds: 30
}
]"
A-5b1bcd,Company_166,PRO,DevTools,MEDIUM,2,86,4.25,4,0,0,"API_ERROR: 429 You exceeded your current quota, please check your plan and billing details. For more information on this error, head to: https://ai.google.dev/gemini-api/docs/rate-limits. To monitor your current usage, head to: https://ai.dev/rate-limit. 
* Quota exceeded for metric: generativelanguage.googleapis.com/generate_content_free_tier_requests, limit: 0, model: gemini-2.0-flash
* Quota exceeded for metric: generativelanguage.googleapis.com/generate_content_free_tier_requests, limit: 0, model: gemini-2.0-flash
* Quota exceeded for metric: generativelanguage.googleapis.com/generate_content_free_tier_input_token_count, limit: 0, model: gemini-2.0-flash
Please retry in 28.408614318s. [links {
  description: ""Learn more about Gemini API quotas""
  url: ""https://ai.google.dev/gemini-api/docs/rate-limits""
}
, violations {
  quota_metric: ""generativelanguage.googleapis.com/generate_content_free_tier_requests""
  quota_id: ""GenerateRequestsPerDayPerProjectPerModel-FreeTier""
  quota_dimensions {
    key: ""model""
    value: ""gemini-2.0-flash""
  }
  quota_dimensions {
    key: ""location""
    value: ""global""
  }
}
violations {
  quota_metric: ""generativelanguage.googleapis.com/generate_content_free_tier_requests""
  quota_id: ""GenerateRequestsPerMinutePerProjectPerModel-FreeTier""
  quota_dimensions {
    key: ""model""
    value: ""gemini-2.0-flash""
  }
  quota_dimensions {
    key: ""location""
    value: ""global""
  }
}
violations {
  quota_metric: ""generativelanguage.googleapis.com/generate_content_free_tier_input_token_count""
  quota_id: ""GenerateContentInputTokensPerModelPerMinute-FreeTier""
  quota_dimensions {
    key: ""model""
    value: ""gemini-2.0-flash""
  }
  quota_dimensions {
    key: ""location""
    value: ""global""
  }
}
, retry_delay {
  seconds: 28
}
]",Not parsed,Not parsed,Not parsed,Not parsed,"API_ERROR: 429 You exceeded your current quota, please check your plan and billing details. For more information on this error, head to: https://ai.google.dev/gemini-api/docs/rate-limits. To monitor your current usage, head to: https://ai.dev/rate-limit. 
* Quota exceeded for metric: generativelanguage.googleapis.com/generate_content_free_tier_requests, limit: 0, model: gemini-2.0-flash
* Quota exceeded for metric: generativelanguage.googleapis.com/generate_content_free_tier_requests, limit: 0, model: gemini-2.0-flash
* Quota exceeded for metric: generativelanguage.googleapis.com/generate_content_free_tier_input_token_count, limit: 0, model: gemini-2.0-flash
Please retry in 28.408614318s. [links {
  description: ""Learn more about Gemini API quotas""
  url: ""https://ai.google.dev/gemini-api/docs/rate-limits""
}
, violations {
  quota_metric: ""generativelanguage.googleapis.com/generate_content_free_tier_requests""
  quota_id: ""GenerateRequestsPerDayPerProjectPerModel-FreeTier""
  quota_dimensions {
    key: ""model""
    value: ""gemini-2.0-flash""
  }
  quota_dimensions {
    key: ""location""
    value: ""global""
  }
}
violations {
  quota_metric: ""generativelanguage.googleapis.com/generate_content_free_tier_requests""
  quota_id: ""GenerateRequestsPerMinutePerProjectPerModel-FreeTier""
  quota_dimensions {
    key: ""model""
    value: ""gemini-2.0-flash""
  }
  quota_dimensions {
    key: ""location""
    value: ""global""
  }
}
violations {
  quota_metric: ""generativelanguage.googleapis.com/generate_content_free_tier_input_token_count""
  quota_id: ""GenerateContentInputTokensPerModelPerMinute-FreeTier""
  quota_dimensions {
    key: ""model""
    value: ""gemini-2.0-flash""
  }
  quota_dimensions {
    key: ""location""
    value: ""global""
  }
}
, retry_delay {
  seconds: 28
}
]"
A-6f8ad2,Company_57,BASIC,EdTech,MEDIUM,2,88,4.25,4,0,0,"API_ERROR: 429 You exceeded your current quota, please check your plan and billing details. For more information on this error, head to: https://ai.google.dev/gemini-api/docs/rate-limits. To monitor your current usage, head to: https://ai.dev/rate-limit. 
* Quota exceeded for metric: generativelanguage.googleapis.com/generate_content_free_tier_requests, limit: 0, model: gemini-2.0-flash
* Quota exceeded for metric: generativelanguage.googleapis.com/generate_content_free_tier_requests, limit: 0, model: gemini-2.0-flash
* Quota exceeded for metric: generativelanguage.googleapis.com/generate_content_free_tier_input_token_count, limit: 0, model: gemini-2.0-flash
Please retry in 26.557014573s. [links {
  description: ""Learn more about Gemini API quotas""
  url: ""https://ai.google.dev/gemini-api/docs/rate-limits""
}
, violations {
  quota_metric: ""generativelanguage.googleapis.com/generate_content_free_tier_requests""
  quota_id: ""GenerateRequestsPerDayPerProjectPerModel-FreeTier""
  quota_dimensions {
    key: ""model""
    value: ""gemini-2.0-flash""
  }
  quota_dimensions {
    key: ""location""
    value: ""global""
  }
}
violations {
  quota_metric: ""generativelanguage.googleapis.com/generate_content_free_tier_requests""
  quota_id: ""GenerateRequestsPerMinutePerProjectPerModel-FreeTier""
  quota_dimensions {
    key: ""model""
    value: ""gemini-2.0-flash""
  }
  quota_dimensions {
    key: ""location""
    value: ""global""
  }
}
violations {
  quota_metric: ""generativelanguage.googleapis.com/generate_content_free_tier_input_token_count""
  quota_id: ""GenerateContentInputTokensPerModelPerMinute-FreeTier""
  quota_dimensions {
    key: ""model""
    value: ""gemini-2.0-flash""
  }
  quota_dimensions {
    key: ""location""
    value: ""global""
  }
}
, retry_delay {
  seconds: 26
}
]",Not parsed,Not parsed,Not parsed,Not parsed,"API_ERROR: 429 You exceeded your current quota, please check your plan and billing details. For more information on this error, head to: https://ai.google.dev/gemini-api/docs/rate-limits. To monitor your current usage, head to: https://ai.dev/rate-limit. 
* Quota exceeded for metric: generativelanguage.googleapis.com/generate_content_free_tier_requests, limit: 0, model: gemini-2.0-flash
* Quota exceeded for metric: generativelanguage.googleapis.com/generate_content_free_tier_requests, limit: 0, model: gemini-2.0-flash
* Quota exceeded for metric: generativelanguage.googleapis.com/generate_content_free_tier_input_token_count, limit: 0, model: gemini-2.0-flash
Please retry in 26.557014573s. [links {
  description: ""Learn more about Gemini API quotas""
  url: ""https://ai.google.dev/gemini-api/docs/rate-limits""
}
, violations {
  quota_metric: ""generativelanguage.googleapis.com/generate_content_free_tier_requests""
  quota_id: ""GenerateRequestsPerDayPerProjectPerModel-FreeTier""
  quota_dimensions {
    key: ""model""
    value: ""gemini-2.0-flash""
  }
  quota_dimensions {
    key: ""location""
    value: ""global""
  }
}
violations {
  quota_metric: ""generativelanguage.googleapis.com/generate_content_free_tier_requests""
  quota_id: ""GenerateRequestsPerMinutePerProjectPerModel-FreeTier""
  quota_dimensions {
    key: ""model""
    value: ""gemini-2.0-flash""
  }
  quota_dimensions {
    key: ""location""
    value: ""global""
  }
}
violations {
  quota_metric: ""generativelanguage.googleapis.com/generate_content_free_tier_input_token_count""
  quota_id: ""GenerateContentInputTokensPerModelPerMinute-FreeTier""
  quota_dimensions {
    key: ""model""
    value: ""gemini-2.0-flash""
  }
  quota_dimensions {
    key: ""location""
    value: ""global""
  }
}
, retry_delay {
  seconds: 26
}
]"
A-d4ac0e,Company_364,BASIC,DevTools,MEDIUM,2,80,3.75,4,0,1,"API_ERROR: 429 You exceeded your current quota, please check your plan and billing details. For more information on this error, head to: https://ai.google.dev/gemini-api/docs/rate-limits. To monitor your current usage, head to: https://ai.dev/rate-limit. 
* Quota exceeded for metric: generativelanguage.googleapis.com/generate_content_free_tier_requests, limit: 0, model: gemini-2.0-flash
* Quota exceeded for metric: generativelanguage.googleapis.com/generate_content_free_tier_requests, limit: 0, model: gemini-2.0-flash
* Quota exceeded for metric: generativelanguage.googleapis.com/generate_content_free_tier_input_token_count, limit: 0, model: gemini-2.0-flash
Please retry in 24.707173273s. [links {
  description: ""Learn more about Gemini API quotas""
  url: ""https://ai.google.dev/gemini-api/docs/rate-limits""
}
, violations {
  quota_metric: ""generativelanguage.googleapis.com/generate_content_free_tier_requests""
  quota_id: ""GenerateRequestsPerDayPerProjectPerModel-FreeTier""
  quota_dimensions {
    key: ""model""
    value: ""gemini-2.0-flash""
  }
  quota_dimensions {
    key: ""location""
    value: ""global""
  }
}
violations {
  quota_metric: ""generativelanguage.googleapis.com/generate_content_free_tier_requests""
  quota_id: ""GenerateRequestsPerMinutePerProjectPerModel-FreeTier""
  quota_dimensions {
    key: ""model""
    value: ""gemini-2.0-flash""
  }
  quota_dimensions {
    key: ""location""
    value: ""global""
  }
}
violations {
  quota_metric: ""generativelanguage.googleapis.com/generate_content_free_tier_input_token_count""
  quota_id: ""GenerateContentInputTokensPerModelPerMinute-FreeTier""
  quota_dimensions {
    key: ""model""
    value: ""gemini-2.0-flash""
  }
  quota_dimensions {
    key: ""location""
    value: ""global""
  }
}
, retry_delay {
  seconds: 24
}
]",Not parsed,Not parsed,Not parsed,Not parsed,"API_ERROR: 429 You exceeded your current quota, please check your plan and billing details. For more information on this error, head to: https://ai.google.dev/gemini-api/docs/rate-limits. To monitor your current usage, head to: https://ai.dev/rate-limit. 
* Quota exceeded for metric: generativelanguage.googleapis.com/generate_content_free_tier_requests, limit: 0, model: gemini-2.0-flash
* Quota exceeded for metric: generativelanguage.googleapis.com/generate_content_free_tier_requests, limit: 0, model: gemini-2.0-flash
* Quota exceeded for metric: generativelanguage.googleapis.com/generate_content_free_tier_input_token_count, limit: 0, model: gemini-2.0-flash
Please retry in 24.707173273s. [links {
  description: ""Learn more about Gemini API quotas""
  url: ""https://ai.google.dev/gemini-api/docs/rate-limits""
}
, violations {
  quota_metric: ""generativelanguage.googleapis.com/generate_content_free_tier_requests""
  quota_id: ""GenerateRequestsPerDayPerProjectPerModel-FreeTier""
  quota_dimensions {
    key: ""model""
    value: ""gemini-2.0-flash""
  }
  quota_dimensions {
    key: ""location""
    value: ""global""
  }
}
violations {
  quota_metric: ""generativelanguage.googleapis.com/generate_content_free_tier_requests""
  quota_id: ""GenerateRequestsPerMinutePerProjectPerModel-FreeTier""
  quota_dimensions {
    key: ""model""
    value: ""gemini-2.0-flash""
  }
  quota_dimensions {
    key: ""location""
    value: ""global""
  }
}
violations {
  quota_metric: ""generativelanguage.googleapis.com/generate_content_free_tier_input_token_count""
  quota_id: ""GenerateContentInputTokensPerModelPerMinute-FreeTier""
  quota_dimensions {
    key: ""model""
    value: ""gemini-2.0-flash""
  }
  quota_dimensions {
    key: ""location""
    value: ""global""
  }
}
, retry_delay {
  seconds: 24
}
]"
